"Tweet id","Tweet permalink","Tweet text","time","impressions","engagements","engagement rate","retweets","replies","likes","user profile clicks","url clicks","hashtag clicks","detail expands","permalink clicks","app opens","app installs","follows","email tweet","dial phone","media views","media engagements","promoted impressions","promoted engagements","promoted engagement rate","promoted retweets","promoted replies","promoted likes","promoted user profile clicks","promoted url clicks","promoted hashtag clicks","promoted detail expands","promoted permalink clicks","promoted app opens","promoted app installs","promoted follows","promoted email tweet","promoted dial phone","promoted media views","promoted media engagements"
"1476946213748543488","https://twitter.com/LisaDeBruine/status/1476946213748543488","@JinXunGoh Anything by @Nnedi Okorafor, but I think Who Fears Death and The Book of Phoenix most changed how I view Africanfuturism.","2021-12-31 15:59 +0000","104.0","4.0","0.038461538461538464","0.0","0.0","2.0","2.0","0.0","0.0","0.0","0.0","0","0","0","0","0","0","0","-","-","-","-","-","-","-","-","-","-","-","-","-","-","-","-","-","-"
"1476936517390061573","https://twitter.com/LisaDeBruine/status/1476936517390061573","@jamesheathers I need that time to work on my beat saber so I can best @JamesSteeleII at more tracks :)","2021-12-31 15:21 +0000","354.0","5.0","0.014124293785310734","0.0","1.0","1.0","2.0","0.0","0.0","1.0","0.0","0","0","0","0","0","0","0","-","-","-","-","-","-","-","-","-","-","-","-","-","-","-","-","-","-"
"1476935372340969477","https://twitter.com/LisaDeBruine/status/1476935372340969477","@hardsci Blocked ;)","2021-12-31 15:16 +0000","409.0","8.0","0.019559902200488997","0.0","0.0","1.0","0.0","0.0","0.0","7.0","0.0","0","0","0","0","0","0","0","-","-","-","-","-","-","-","-","-","-","-","-","-","-","-","-","-","-"
"1476901580704292886","https://twitter.com/LisaDeBruine/status/1476901580704292886","I am refusing to learn what the ubiquitous wordle green and yellow and white squares on my feed are because I don’t need any more obsessions. If you feel compelled to tell me anyways, wrong answers only…","2021-12-31 13:02 +0000","11010.0","318.0","0.02888283378746594","2.0","10.0","38.0","22.0","0.0","0.0","246.0","0.0","0","0","0","0","0","0","0","-","-","-","-","-","-","-","-","-","-","-","-","-","-","-","-","-","-"
"1476765946782138374","https://twitter.com/LisaDeBruine/status/1476765946782138374","@AdamCSchembri Same. I think regional identity can be piecemeal. There are parts of me that will always be American, but also parts of me that are definitely Scottish now (after 18 years).","2021-12-31 04:03 +0000","506.0","12.0","0.023715415019762844","0.0","0.0","5.0","7.0","0.0","0.0","0.0","0.0","0","0","0","0","0","0","0","-","-","-","-","-","-","-","-","-","-","-","-","-","-","-","-","-","-"
"1476712305706651655","https://twitter.com/LisaDeBruine/status/1476712305706651655","@JoshuaGrubbsPhD Surface Pressure has been the background song in my brain since the day Encanto came out.","2021-12-31 00:30 +0000","280.0","5.0","0.017857142857142856","0.0","0.0","4.0","1.0","0.0","0.0","0.0","0.0","0","0","0","0","0","0","0","-","-","-","-","-","-","-","-","-","-","-","-","-","-","-","-","-","-"
"1476614379101696007","https://twitter.com/LisaDeBruine/status/1476614379101696007","@Jade_Pickering And to be clear, I think HARKing *is* totally fine when it’s transparent (i.e., when you’re not pretending the study was confirmatory). Data *should* be used to generate new hypotheses if it didn’t confirm your original hypothesis.","2021-12-30 18:01 +0000","199.0","15.0","0.07537688442211055","1.0","1.0","8.0","0.0","0.0","0.0","5.0","0.0","0","0","0","0","0","0","0","-","-","-","-","-","-","-","-","-","-","-","-","-","-","-","-","-","-"
"1476613398846660611","https://twitter.com/LisaDeBruine/status/1476613398846660611","@Jade_Pickering (But yeah, I understand some people won’t listen unless there’s a peer-reviewed citation attached. Good luck!)","2021-12-30 17:57 +0000","474.0","7.0","0.014767932489451477","0.0","1.0","3.0","0.0","0.0","0.0","3.0","0.0","0","0","0","0","0","0","0","-","-","-","-","-","-","-","-","-","-","-","-","-","-","-","-","-","-"
"1476613163525316610","https://twitter.com/LisaDeBruine/status/1476613163525316610","@Jade_Pickering The logical argument that if they really believe HARKing is totally fine, then it should also be totally fine to have no hypothesis in the intro and accurately describe your hypothesis in the discussion as post hoc.","2021-12-30 17:56 +0000","1077.0","32.0","0.029712163416898793","1.0","1.0","13.0","6.0","0.0","0.0","11.0","0.0","0","0","0","0","0","0","0","-","-","-","-","-","-","-","-","-","-","-","-","-","-","-","-","-","-"
"1476610942578348038","https://twitter.com/LisaDeBruine/status/1476610942578348038","@bmwiernik I was forbidden from playing with my (male) childhood best friend in the hopes that I would make female friends. Luckily, I found a female best friend who also just wanted to catch frogs in the woods, but she still wasn’t as good cuz she didn’t live close enough to walkie-talkie.","2021-12-30 17:47 +0000","313.0","8.0","0.025559105431309903","0.0","0.0","3.0","3.0","0.0","0.0","2.0","0.0","0","0","0","0","0","0","0","-","-","-","-","-","-","-","-","-","-","-","-","-","-","-","-","-","-"
"1476609246930350093","https://twitter.com/LisaDeBruine/status/1476609246930350093","@DrVeronikaCH In 2022 I will have never been to a person for years","2021-12-30 17:40 +0000","280.0","7.0","0.025","0.0","1.0","3.0","0.0","0.0","0.0","3.0","0.0","0","0","0","0","0","0","0","-","-","-","-","-","-","-","-","-","-","-","-","-","-","-","-","-","-"
"1475903462936395776","https://twitter.com/LisaDeBruine/status/1475903462936395776","@richarddmorey ^ is because group_by(dat, A, A) is the same as group_by(dat, A)","2021-12-28 18:56 +0000","168.0","3.0","0.017857142857142856","0.0","1.0","1.0","0.0","0.0","0.0","1.0","0.0","0","0","0","0","0","0","0","-","-","-","-","-","-","-","-","-","-","-","-","-","-","-","-","-","-"
"1475903198758158341","https://twitter.com/LisaDeBruine/status/1475903198758158341","@richarddmorey This is a little weird but will also work:

tibble(
  A = rep(1:2, 4),
  B = rep(1:2, 2, each = 2),
  C = rnorm(8)
) %&gt;%
  group_by(across(c(""A"", sample(c(""A"", ""B""), 1)))) %&gt;%
  summarise(C = mean(C))","2021-12-28 18:55 +0000","88.0","4.0","0.045454545454545456","0.0","1.0","1.0","1.0","0.0","0.0","1.0","0.0","0","0","0","0","0","0","0","-","-","-","-","-","-","-","-","-","-","-","-","-","-","-","-","-","-"
"1475902618740350989","https://twitter.com/LisaDeBruine/status/1475902618740350989","@richarddmorey grp &lt;- sample(list(""A"", c(""A"", ""B"")), 1)[[1]]

tibble(
  A = rep(1:2, 4),
  B = rep(1:2, 2, each = 2),
  C = rnorm(8)
) %&gt;%
  group_by(across(grp)) %&gt;%
  summarise(C = mean(C))","2021-12-28 18:52 +0000","91.0","4.0","0.04395604395604396","0.0","1.0","1.0","0.0","0.0","0.0","2.0","0.0","0","0","0","0","0","0","0","-","-","-","-","-","-","-","-","-","-","-","-","-","-","-","-","-","-"
"1475090014816149504","https://twitter.com/LisaDeBruine/status/1475090014816149504","@victor_n_mose Can you explain what you want the visualisation to look like a bit more? And what the data are like?","2021-12-26 13:04 +0000","28.0","0.0","0.0","0.0","0.0","0.0","0.0","0.0","0.0","0.0","0.0","0","0","0","0","0","0","0","-","-","-","-","-","-","-","-","-","-","-","-","-","-","-","-","-","-"
"1474820856664797190","https://twitter.com/LisaDeBruine/status/1474820856664797190","@LukeMillerNeuro @DrGBuckingham @agshapiro2 I think it’s the same effect as the hybrid image illusion. https://t.co/ItprmerV0N https://t.co/UKfiA0jAPg","2021-12-25 19:14 +0000","87.0","18.0","0.20689655172413793","0.0","1.0","3.0","3.0","2.0","0.0","7.0","0.0","0","0","0","0","0","2","2","-","-","-","-","-","-","-","-","-","-","-","-","-","-","-","-","-","-"
"1474820374164611080","https://twitter.com/LisaDeBruine/status/1474820374164611080","@DrGBuckingham @LukeMillerNeuro @agshapiro2 Nope. You can get the same effect by moving your phone up and down in your field of vision.","2021-12-25 19:12 +0000","191.0","6.0","0.031413612565445025","0.0","1.0","2.0","0.0","0.0","0.0","3.0","0.0","0","0","0","0","0","0","0","-","-","-","-","-","-","-","-","-","-","-","-","-","-","-","-","-","-"
"1474799340476583941","https://twitter.com/LisaDeBruine/status/1474799340476583941","@vkempe I probably could, but it’s time to get back to the more traditional xmas activities of eating too much and watching films :)","2021-12-25 17:48 +0000","67.0","5.0","0.07462686567164178","0.0","0.0","3.0","0.0","0.0","0.0","2.0","0.0","0","0","0","0","0","0","0","-","-","-","-","-","-","-","-","-","-","-","-","-","-","-","-","-","-"
"1474792508492337156","https://twitter.com/LisaDeBruine/status/1474792508492337156","geom_point(aes(x, y, color = I(color), size = I(size)), ornaments) +
  coord_flip() +
  theme_void()","2021-12-25 17:21 +0000","1878.0","25.0","0.013312034078807242","0.0","2.0","6.0","7.0","0.0","0.0","10.0","0.0","0","0","0","0","0","0","0","-","-","-","-","-","-","-","-","-","-","-","-","-","-","-","-","-","-"
"1474792506357387265","https://twitter.com/LisaDeBruine/status/1474792506357387265","ggplot() +
  geom_rect(aes(xmin = 0, ymin = -1, xmax = 8, ymax = 1), fill = ""tan4"") +
  geom_col(aes(1:8, 8:1), fill = ""darkgreen"") +
  geom_col(aes(1:8, -8:-1), fill = ""darkgreen"") +
  geom_point(aes(9, 0), color = ""gold"", size = 10, shape = 8, stroke = 3) +","2021-12-25 17:21 +0000","1930.0","21.0","0.010880829015544042","0.0","1.0","3.0","7.0","0.0","0.0","10.0","0.0","0","0","0","0","0","0","0","-","-","-","-","-","-","-","-","-","-","-","-","-","-","-","-","-","-"
"1474792504222367746","https://twitter.com/LisaDeBruine/status/1474792504222367746","ornaments = data.frame(
  row = rep(1:8, (8:1)*seq(3, 2, length.out = 8))
) %&gt;%
  mutate(x = row + runif(nrow(.), -.5, 0),
         size = runif(nrow(.), 3, 8),
         color = sample(c(""red2"", ""gold"", ""skyblue1""), nrow(.), T)) %&gt;%
  mutate(y = runif(nrow(.), -9+row, 9-row))","2021-12-25 17:21 +0000","1182.0","19.0","0.016074450084602367","0.0","1.0","4.0","4.0","0.0","0.0","10.0","0.0","0","0","0","0","0","0","0","-","-","-","-","-","-","-","-","-","-","-","-","-","-","-","-","-","-"
"1474792499835252742","https://twitter.com/LisaDeBruine/status/1474792499835252742","Merry Xmas #rstats

library(tidyverse) # code in thread https://t.co/p5mJibhZSn","2021-12-25 17:21 +0000","34156.0","897.0","0.026261857360346644","31.0","3.0","193.0","54.0","18.0","3.0","425.0","0.0","0","0","0","0","0","170","170","-","-","-","-","-","-","-","-","-","-","-","-","-","-","-","-","-","-"
"1474560307838205952","https://twitter.com/LisaDeBruine/status/1474560307838205952","@everifkin @duane_g_watson Definitely watch any Ghibli film except Grave of the Fireflies (awesome but too sad for sick kids) or Earwig and the Witch (one of the dullest animated films ever). Everything else is magic.

Outside Ghibli, Vinland Saga is bloody but compelling, and A Lull in the Sea was cute.","2021-12-25 01:59 +0000","122.0","8.0","0.06557377049180328","0.0","0.0","2.0","3.0","0.0","0.0","3.0","0.0","0","0","0","0","0","0","0","-","-","-","-","-","-","-","-","-","-","-","-","-","-","-","-","-","-"
"1473997557445677065","https://twitter.com/LisaDeBruine/status/1473997557445677065","@hioberman @roxannefelig @UofGPsychNeuro For a psych PhD student, I’d recommend my ReproRes course to get a foundation in R and data wrangling, then @dalejbarr’s Stat Models course to solidify your statistical understanding with simulation.","2021-12-23 12:42 +0000","134.0","9.0","0.06716417910447761","0.0","0.0","2.0","4.0","0.0","0.0","3.0","0.0","0","0","0","0","0","0","0","-","-","-","-","-","-","-","-","-","-","-","-","-","-","-","-","-","-"
"1473996804702277636","https://twitter.com/LisaDeBruine/status/1473996804702277636","@hioberman @roxannefelig Thanks :) The #psyTeachR materials are developed by our team at @UofGPsychNeuro 

https://t.co/FTajzu4LNb","2021-12-23 12:39 +0000","1397.0","102.0","0.07301360057265568","6.0","2.0","26.0","10.0","40.0","2.0","16.0","0.0","0","0","0","0","0","0","0","-","-","-","-","-","-","-","-","-","-","-","-","-","-","-","-","-","-"
"1473710135658921984","https://twitter.com/LisaDeBruine/status/1473710135658921984","@VikiLovesFACS @raybbecker Agreed. “You always better me” and “You always best me” have totally different and near-opposite meanings.","2021-12-22 17:40 +0000","40.0","5.0","0.125","0.0","0.0","2.0","0.0","0.0","0.0","3.0","0.0","0","0","0","0","0","0","0","-","-","-","-","-","-","-","-","-","-","-","-","-","-","-","-","-","-"
"1473649898595794956","https://twitter.com/LisaDeBruine/status/1473649898595794956","@bmwiernik @seanpmackinnon @_Luisa_Hahn we should think about submitting that paper somewhere. Or at least pre-printing it. People keep asking about it. (But after the holidays!)","2021-12-22 13:41 +0000","129.0","12.0","0.09302325581395349","0.0","1.0","2.0","2.0","0.0","0.0","7.0","0.0","0","0","0","0","0","0","0","-","-","-","-","-","-","-","-","-","-","-","-","-","-","-","-","-","-"
"1473619243136860160","https://twitter.com/LisaDeBruine/status/1473619243136860160","@MikeKSmith It must be possible since withr got past CRAN. But so did SuperPower, which has identical seed code to what I had to remove from faux. So I’m not sure CRAN applies this rule consistently. https://t.co/jrmGQceDwD","2021-12-22 11:39 +0000","86.0","2.0","0.023255813953488372","0.0","0.0","0.0","0.0","0.0","0.0","0.0","0.0","0","0","0","0","0","2","2","-","-","-","-","-","-","-","-","-","-","-","-","-","-","-","-","-","-"
"1473618410315599876","https://twitter.com/LisaDeBruine/status/1473618410315599876","@MikeKSmith I had an idea that I could create a new environment and set seed in there instead of globally. I can’t remember if I didn’t pursue it because it’s not possible or because I got busy.","2021-12-22 11:36 +0000","48.0","1.0","0.020833333333333332","0.0","1.0","0.0","0.0","0.0","0.0","0.0","0.0","0","0","0","0","0","0","0","-","-","-","-","-","-","-","-","-","-","-","-","-","-","-","-","-","-"
"1473501526886961152","https://twitter.com/LisaDeBruine/status/1473501526886961152","@tjmahr @thomas_mock @hadleywickham Looks like I’ll be investigating withr::with_seed (in the morning :)","2021-12-22 03:51 +0000","131.0","2.0","0.015267175572519083","0.0","0.0","1.0","1.0","0.0","0.0","0.0","0.0","0","0","0","0","0","0","0","-","-","-","-","-","-","-","-","-","-","-","-","-","-","-","-","-","-"
"1473495500808761348","https://twitter.com/LisaDeBruine/status/1473495500808761348","Useful for making sure jittered plots don’t change every time you re-render a document (which can bloat your version control). https://t.co/NFMpKP3fyX","2021-12-22 03:27 +0000","7982.0","89.0","0.011150087697318968","3.0","1.0","36.0","12.0","0.0","0.0","37.0","0.0","0","0","0","0","0","0","0","-","-","-","-","-","-","-","-","-","-","-","-","-","-","-","-","-","-"
"1473494971445653506","https://twitter.com/LisaDeBruine/status/1473494971445653506","@thomas_mock @hadleywickham Nice! How is this accomplished? I’m still sore CRAN made me remove the seed argument from functions in faux because they said you’re not allowed to modify the global environment (even though I saved and restored .GlobalEnv$.Random.seed on exit).","2021-12-22 03:25 +0000","1034.0","45.0","0.043520309477756286","0.0","4.0","3.0","7.0","0.0","0.0","30.0","0.0","0","0","0","0","0","1","1","-","-","-","-","-","-","-","-","-","-","-","-","-","-","-","-","-","-"
"1473490566126215171","https://twitter.com/LisaDeBruine/status/1473490566126215171","@JanelleCShane When you generate a 3D face scan using multiple cameras, the reflectance of the eyes makes it so they read as concave. (Images below made with @webmorph_org) https://t.co/MC2fTsWGan","2021-12-22 03:08 +0000","335.0","13.0","0.03880597014925373","0.0","0.0","2.0","0.0","0.0","0.0","0.0","0.0","0","0","0","0","0","137","11","-","-","-","-","-","-","-","-","-","-","-","-","-","-","-","-","-","-"
"1473429324384587776","https://twitter.com/LisaDeBruine/status/1473429324384587776","@kearneymw @wdonald_1985 I’m constantly learning, but my favourite method is trial-and-error on an online regex tester like https://t.co/vroAJqUxnO","2021-12-21 23:05 +0000","1052.0","67.0","0.06368821292775666","1.0","1.0","34.0","5.0","24.0","0.0","2.0","0.0","0","0","0","0","0","0","0","-","-","-","-","-","-","-","-","-","-","-","-","-","-","-","-","-","-"
"1473130916897865729","https://twitter.com/LisaDeBruine/status/1473130916897865729","I really want @chapmangamo to illustrate some of these (especially the Greek one 🌸🐝) https://t.co/R2OUH6JQXW","2021-12-21 03:19 +0000","1700.0","9.0","0.005294117647058823","0.0","0.0","3.0","4.0","0.0","0.0","2.0","0.0","0","0","0","0","0","0","0","-","-","-","-","-","-","-","-","-","-","-","-","-","-","-","-","-","-"
"1473127703465312256","https://twitter.com/LisaDeBruine/status/1473127703465312256","@HollyConrad https://t.co/xaBfth7272","2021-12-21 03:06 +0000","446.0","15.0","0.033632286995515695","0.0","0.0","3.0","0.0","0.0","0.0","2.0","0.0","0","0","0","0","0","10","10","-","-","-","-","-","-","-","-","-","-","-","-","-","-","-","-","-","-"
"1472924874918277120","https://twitter.com/LisaDeBruine/status/1472924874918277120","@pookleblinky Haha - your threads are one of my favourite things. Especially the recent ones on diving. And your creepypastas. If I catch you in the middle of writing one, I bookmark it to come back to.","2021-12-20 13:40 +0000","443.0","13.0","0.029345372460496615","0.0","0.0","11.0","0.0","0.0","0.0","2.0","0.0","0","0","0","0","0","0","0","-","-","-","-","-","-","-","-","-","-","-","-","-","-","-","-","-","-"
"1472313037906452484","https://twitter.com/LisaDeBruine/status/1472313037906452484","@shallow__state @KirbyKNielsen Ooh, cleaning data is the thing I love best in R! It’s far more intuitive for me than SQL and so much more reproducible than excel. 

If you’re interested, our #psyTeachR free learning materials cover data wrangling from several perspectives
https://t.co/FTajzu4LNb","2021-12-18 21:09 +0000","825.0","53.0","0.06424242424242424","3.0","0.0","19.0","7.0","17.0","4.0","3.0","0.0","0","0","0","0","0","0","0","-","-","-","-","-","-","-","-","-","-","-","-","-","-","-","-","-","-"
"1472161049499611138","https://twitter.com/LisaDeBruine/status/1472161049499611138","@farid_anvari This is why I like the @PeerCommunityIn model so much. It divorces the decision about whether work is good from the decision about whether a journal has space to publish it.","2021-12-18 11:05 +0000","199.0","16.0","0.08040201005025126","1.0","1.0","5.0","8.0","0.0","0.0","1.0","0.0","0","0","0","0","0","0","0","-","-","-","-","-","-","-","-","-","-","-","-","-","-","-","-","-","-"
"1472153420098383872","https://twitter.com/LisaDeBruine/status/1472153420098383872","@farid_anvari This is a result of artificial scarcity of journal space (they can’t accept all good papers) and overwork. Editors don’t have time to work with authors to improve a paper and reviewers drop out before the second round.","2021-12-18 10:35 +0000","713.0","19.0","0.02664796633941094","0.0","3.0","8.0","2.0","0.0","0.0","6.0","0.0","0","0","0","0","0","0","0","-","-","-","-","-","-","-","-","-","-","-","-","-","-","-","-","-","-"
"1471826121612271622","https://twitter.com/LisaDeBruine/status/1471826121612271622","@richarddmorey Oh no :(","2021-12-17 12:54 +0000","1221.0","17.0","0.013923013923013924","0.0","0.0","4.0","1.0","0.0","0.0","12.0","0.0","0","0","0","0","0","0","0","-","-","-","-","-","-","-","-","-","-","-","-","-","-","-","-","-","-"
"1471781137706106886","https://twitter.com/LisaDeBruine/status/1471781137706106886","@dougaparry @thuyvytnguyen My Canadian viva was public. The peanut gallery can even ask questions (Ben asked me one). The examining board is also bigger, with supervisors, an internal, and internal external (mine was from compsci), and an external, plus a chair who can’t ask questions.","2021-12-17 09:55 +0000","56.0","4.0","0.07142857142857142","0.0","0.0","0.0","0.0","0.0","0.0","4.0","0.0","0","0","0","0","0","0","0","-","-","-","-","-","-","-","-","-","-","-","-","-","-","-","-","-","-"
"1471778255158005760","https://twitter.com/LisaDeBruine/status/1471778255158005760","@PatersonHelena @JamesEBartlett We should read this one for an M&amp;Ms journal club.","2021-12-17 09:44 +0000","103.0","6.0","0.05825242718446602","0.0","1.0","1.0","0.0","0.0","0.0","4.0","0.0","0","0","0","0","0","0","0","-","-","-","-","-","-","-","-","-","-","-","-","-","-","-","-","-","-"
"1471515211664224272","https://twitter.com/LisaDeBruine/status/1471515211664224272","If you were going to take a course like this, what would be the most engaging demo app to build during the class?

Online survey (https://t.co/guUqmsSU1U)

Dynamic search (https://t.co/g2x0fd988L)

Data simulation/exploration (https://t.co/ynVlKgV8bS)","2021-12-16 16:19 +0000","616.0","35.0","0.056818181818181816","0.0","1.0","1.0","2.0","18.0","0.0","4.0","0.0","0","0","0","0","0","0","0","-","-","-","-","-","-","-","-","-","-","-","-","-","-","-","-","-","-"
"1471515207507668998","https://twitter.com/LisaDeBruine/status/1471515207507668998","I'll be teaching a 3-day remote course on building Shiny apps, 31 March to 2 April for Code Horizons. It will be aimed at people with a solid grasp of R for data manipulation and plotting, but no previous shiny or app experience.

https://t.co/tb5tJzxHcE https://t.co/9ICRDiLcYG","2021-12-16 16:18 +0000","6127.0","262.0","0.04276154724987759","16.0","1.0","30.0","17.0","85.0","0.0","75.0","0.0","0","0","0","0","0","38","38","-","-","-","-","-","-","-","-","-","-","-","-","-","-","-","-","-","-"
"1470800714867920907","https://twitter.com/LisaDeBruine/status/1470800714867920907","@kareem_carr Agreed, but the name is so confusing. I only recently comprehended that it’s a central theorem about limits, not a theorem about “central limits”.","2021-12-14 16:59 +0000","2126.0","33.0","0.015522107243650047","0.0","2.0","9.0","12.0","0.0","0.0","10.0","0.0","0","0","0","0","0","0","0","-","-","-","-","-","-","-","-","-","-","-","-","-","-","-","-","-","-"
"1470742379590258690","https://twitter.com/LisaDeBruine/status/1470742379590258690","I know the C is for “Control”, but every time I have a momentary panic thinking it’s for “Covid”. https://t.co/CclCY6tvk4","2021-12-14 13:08 +0000","13486.0","404.0","0.02995699243660092","2.0","10.0","100.0","22.0","7.0","0.0","176.0","0.0","0","0","0","0","0","87","87","-","-","-","-","-","-","-","-","-","-","-","-","-","-","-","-","-","-"
"1470740154230919170","https://twitter.com/LisaDeBruine/status/1470740154230919170","@HughShanahan @westwoodsam1 @franknorman So much this! Good documentation is hard but vastly improves the usefulness of code, data and materials.","2021-12-14 12:59 +0000","1198.0","11.0","0.009181969949916527","0.0","1.0","3.0","3.0","0.0","0.0","4.0","0.0","0","0","0","0","0","0","0","-","-","-","-","-","-","-","-","-","-","-","-","-","-","-","-","-","-"
"1470736921211150343","https://twitter.com/LisaDeBruine/status/1470736921211150343","@PriyamvadaGopal At UofG, we also have to check their right to work *in person*.
https://t.co/9HPFcoxW9R https://t.co/0fQbLl7dk0","2021-12-14 12:46 +0000","281.0","14.0","0.0498220640569395","0.0","0.0","1.0","0.0","2.0","0.0","0.0","0.0","0","0","0","0","0","11","11","-","-","-","-","-","-","-","-","-","-","-","-","-","-","-","-","-","-"
"1470735744465575942","https://twitter.com/LisaDeBruine/status/1470735744465575942","@HelenaPValle @PriyamvadaGopal Yup. I have a paper indefinite leave to remain in my passport, which was fine the last time I applied for a job, but isn't fine anymore. I might just apply for citizenship instead (I'd rather be Scottish than British, but it looks like that won't happen for a while).","2021-12-14 12:41 +0000","35.0","1.0","0.02857142857142857","0.0","0.0","0.0","1.0","0.0","0.0","0.0","0.0","0","0","0","0","0","0","0","-","-","-","-","-","-","-","-","-","-","-","-","-","-","-","-","-","-"
"1470684202983174146","https://twitter.com/LisaDeBruine/status/1470684202983174146","@PriyamvadaGopal And if you don’t have a UK passport, but have indefinite leave to remain, you also have to show a biometric ID card, which costs £229 and can take 6 months (or £800 for priority service). I’ve not been allowed to waive the examining fee to avoid this, so I don’t external anymore.","2021-12-14 09:16 +0000","2956.0","165.0","0.055818673883626525","2.0","2.0","10.0","31.0","0.0","0.0","119.0","0.0","0","0","0","0","0","1","1","-","-","-","-","-","-","-","-","-","-","-","-","-","-","-","-","-","-"
"1470104988865245185","https://twitter.com/LisaDeBruine/status/1470104988865245185","The only type of abstract a question title should ever have. https://t.co/eS2ke3Sv1s","2021-12-12 18:55 +0000","2848.0","30.0","0.010533707865168539","0.0","0.0","17.0","3.0","0.0","0.0","10.0","0.0","0","0","0","0","0","0","0","-","-","-","-","-","-","-","-","-","-","-","-","-","-","-","-","-","-"
"1470006214130114562","https://twitter.com/LisaDeBruine/status/1470006214130114562","@DrGBuckingham @hisotalus Not really. Social perception, maybe? But I mentioned that just to contextualise the explanation (it’s aimed at laypeople, not scientists) not to imply I couldn’t understand an explanation aimed at vision scientists.","2021-12-12 12:22 +0000","230.0","13.0","0.05652173913043478","0.0","1.0","3.0","1.0","0.0","0.0","8.0","0.0","0","0","0","0","0","0","0","-","-","-","-","-","-","-","-","-","-","-","-","-","-","-","-","-","-"
"1469989221159116805","https://twitter.com/LisaDeBruine/status/1469989221159116805","@DrGBuckingham @hisotalus This thread is a pretty engaging explanation (for non-vision scientists) https://t.co/f2matBkKGR","2021-12-12 11:15 +0000","632.0","14.0","0.022151898734177215","1.0","1.0","7.0","1.0","0.0","0.0","4.0","0.0","0","0","0","0","0","0","0","-","-","-","-","-","-","-","-","-","-","-","-","-","-","-","-","-","-"
"1469425352179073032","https://twitter.com/LisaDeBruine/status/1469425352179073032","@psywisdom @morewedge The #psyTeachR team has a bunch of resources for learning R and stats. My ReproRes course for MSc students is good if you have some stats background and just need to learn R. The Levels 1-3 courses and QuantFun cover R, stats, and research methods.
https://t.co/FTajzu4LNb","2021-12-10 21:54 +0000","310.0","28.0","0.09032258064516129","0.0","0.0","10.0","4.0","12.0","0.0","2.0","0.0","0","0","0","0","0","0","0","-","-","-","-","-","-","-","-","-","-","-","-","-","-","-","-","-","-"
"1469403762464899075","https://twitter.com/LisaDeBruine/status/1469403762464899075","@chendaniely @Biochem_Anne https://t.co/PZcrGBt685","2021-12-10 20:28 +0000","218.0","4.0","0.01834862385321101","0.0","1.0","0.0","0.0","0.0","0.0","0.0","0.0","0","0","0","0","0","51","3","-","-","-","-","-","-","-","-","-","-","-","-","-","-","-","-","-","-"
"1468911195092627462","https://twitter.com/LisaDeBruine/status/1468911195092627462","@openscicomm makes the excellent point that metadata need multilingual support #globalresearchequity","2021-12-09 11:51 +0000","696.0","9.0","0.01293103448275862","2.0","0.0","2.0","1.0","0.0","2.0","2.0","0.0","0","0","0","0","0","0","0","-","-","-","-","-","-","-","-","-","-","-","-","-","-","-","-","-","-"
"1468908293817049096","https://twitter.com/LisaDeBruine/status/1468908293817049096","The audience has rated the openness and importance of different metadata. Clearly, everything is important :) Retractions/withdrawals look like an are that could really benefit from #openmetadata https://t.co/6YECjHT6qo","2021-12-09 11:40 +0000","994.0","15.0","0.015090543259557344","1.0","1.0","4.0","2.0","0.0","0.0","2.0","0.0","0","0","0","0","0","5","5","-","-","-","-","-","-","-","-","-","-","-","-","-","-","-","-","-","-"
"1468906753484070917","https://twitter.com/LisaDeBruine/status/1468906753484070917","@MsPhelps on what we are still missing and the overlap between CrossRef and OpenAlex (which will replace Microsoft Academic Graph when it stops soon) https://t.co/uco7cBCkMv","2021-12-09 11:33 +0000","492.0","10.0","0.02032520325203252","0.0","1.0","2.0","3.0","0.0","0.0","0.0","0.0","0","0","0","0","0","4","4","-","-","-","-","-","-","-","-","-","-","-","-","-","-","-","-","-","-"
"1468903994898763779","https://twitter.com/LisaDeBruine/status/1468903994898763779","@rachaellammey on crowdsourcing corrections to #openmetadata @crossreforg 

A current priority is ensuring accuracy of metadata around retractions.","2021-12-09 11:22 +0000","416.0","3.0","0.007211538461538462","0.0","1.0","1.0","1.0","0.0","0.0","0.0","0.0","0","0","0","0","0","0","0","-","-","-","-","-","-","-","-","-","-","-","-","-","-","-","-","-","-"
"1468902929302233091","https://twitter.com/LisaDeBruine/status/1468902929302233091","@researchremix on @OurResearch_org, the nonprofit behind @OpenAlex_org and @unpaywall, which harvests and integrates existing #openmetadata","2021-12-09 11:18 +0000","356.0","10.0","0.028089887640449437","0.0","1.0","3.0","5.0","0.0","0.0","1.0","0.0","0","0","0","0","0","0","0","-","-","-","-","-","-","-","-","-","-","-","-","-","-","-","-","-","-"
"1468901977404936194","https://twitter.com/LisaDeBruine/status/1468901977404936194","@catmacOA on Initiative for Open X

Initiative for Open Citations (@i4oc_org) promotes the availability of structured, separable, and open data on citations

Initiative for Open Abstracts (I4OA) promotes the unrestricted availability of abstracts https://t.co/2NuFuiO1WT","2021-12-09 11:14 +0000","427.0","8.0","0.01873536299765808","1.0","1.0","3.0","1.0","0.0","0.0","2.0","0.0","0","0","0","0","0","0","0","-","-","-","-","-","-","-","-","-","-","-","-","-","-","-","-","-","-"
"1468900802664280070","https://twitter.com/LisaDeBruine/status/1468900802664280070","@lpaglione on @Metadata2020 advocating education and action around #openmetadata

Make a pledge to support metadata at https://t.co/LdXxl4QYDa","2021-12-09 11:10 +0000","278.0","2.0","0.007194244604316547","0.0","1.0","1.0","0.0","0.0","0.0","0.0","0.0","0","0","0","0","0","0","0","-","-","-","-","-","-","-","-","-","-","-","-","-","-","-","-","-","-"
"1468899528728264710","https://twitter.com/LisaDeBruine/status/1468899528728264710","""Without open metadata, there is no open science"" @GinnyLDN #openmetadata","2021-12-09 11:05 +0000","1659.0","33.0","0.019891500904159132","4.0","1.0","13.0","3.0","0.0","0.0","12.0","0.0","0","0","0","0","0","0","0","-","-","-","-","-","-","-","-","-","-","-","-","-","-","-","-","-","-"
"1468898678559625216","https://twitter.com/LisaDeBruine/status/1468898678559625216","Excited for the #FORCE11 Community Discussion on Open Metadata
https://t.co/fDyv20Gkpy","2021-12-09 11:01 +0000","1666.0","16.0","0.009603841536614645","1.0","1.0","4.0","3.0","3.0","0.0","4.0","0.0","0","0","0","0","0","0","0","-","-","-","-","-","-","-","-","-","-","-","-","-","-","-","-","-","-"
"1468873797612843010","https://twitter.com/LisaDeBruine/status/1468873797612843010","@westwoodsam1 May reviewer 2 forever have a new issue not mentioned in the last round of reviews.","2021-12-09 09:22 +0000","791.0","21.0","0.02654867256637168","0.0","2.0","10.0","1.0","0.0","0.0","8.0","0.0","0","0","0","0","0","0","0","-","-","-","-","-","-","-","-","-","-","-","-","-","-","-","-","-","-"
"1468871698044829698","https://twitter.com/LisaDeBruine/status/1468871698044829698","@jennyterry Me too :) I’ve been meaning to learn more measurement theory.","2021-12-09 09:14 +0000","149.0","2.0","0.013422818791946308","0.0","0.0","1.0","0.0","0.0","0.0","1.0","0.0","0","0","0","0","0","0","0","-","-","-","-","-","-","-","-","-","-","-","-","-","-","-","-","-","-"
"1468870132416065536","https://twitter.com/LisaDeBruine/status/1468870132416065536","Same (although I can only aspire to do it as well as @rlmcelreath) https://t.co/Yaa6AuhzKp","2021-12-09 09:08 +0000","5182.0","60.0","0.011578541103820918","2.0","2.0","25.0","12.0","1.0","0.0","18.0","0.0","0","0","0","0","0","0","0","-","-","-","-","-","-","-","-","-","-","-","-","-","-","-","-","-","-"
"1468693557703761929","https://twitter.com/LisaDeBruine/status/1468693557703761929","@samuelmehr @thebirdmaniac I’ve had a dryer in Scotland when I lived in a house in the country, but flats in the city tend to be too small to have them. Drying on the radiators is totally fine after you get used to crunchy towels.","2021-12-08 21:26 +0000","121.0","8.0","0.06611570247933884","0.0","1.0","2.0","0.0","0.0","0.0","5.0","0.0","0","0","0","0","0","0","0","-","-","-","-","-","-","-","-","-","-","-","-","-","-","-","-","-","-"
"1468687827697381382","https://twitter.com/LisaDeBruine/status/1468687827697381382","@thebirdmaniac About twice a year I think it would be really convenient to be able to dry something fast. And then I remember I have universal health care.","2021-12-08 21:03 +0000","454.0","24.0","0.05286343612334802","0.0","2.0","6.0","8.0","0.0","0.0","8.0","0.0","0","0","0","0","0","0","0","-","-","-","-","-","-","-","-","-","-","-","-","-","-","-","-","-","-"
"1468632359721443336","https://twitter.com/LisaDeBruine/status/1468632359721443336","Do you have ethical concerns about research data but are not sure what's best practice for dealing with them? Read the Joint #FORCE11 &amp; COPE Research Data Publishing Ethics Working Group Recommendations
https://t.co/RP9OgIMhy3","2021-12-08 17:23 +0000","796.0","16.0","0.020100502512562814","1.0","0.0","4.0","0.0","8.0","0.0","3.0","0.0","0","0","0","0","0","0","0","-","-","-","-","-","-","-","-","-","-","-","-","-","-","-","-","-","-"
"1468630792209317893","https://twitter.com/LisaDeBruine/status/1468630792209317893","My big goals on this committee are to support the adoption of registered reports and to increase code and software citation. Please do come to us with any questions, concerns, or ideas related to open science and methods when publishing, reviewing, or editing @APA journals. https://t.co/gE5cbbU9l5","2021-12-08 17:17 +0000","9635.0","99.0","0.010275038920601972","10.0","0.0","50.0","9.0","0.0","0.0","30.0","0.0","0","0","0","0","0","0","0","-","-","-","-","-","-","-","-","-","-","-","-","-","-","-","-","-","-"
"1468294446668263424","https://twitter.com/LisaDeBruine/status/1468294446668263424","Mind the Gap
A Landscape Analysis of Open Source Publishing Tools and Platforms
https://t.co/FZhH2N2ya9","2021-12-07 19:00 +0000","435.0","4.0","0.009195402298850575","0.0","0.0","4.0","0.0","0.0","0.0","0.0","0.0","0","0","0","0","0","0","0","-","-","-","-","-","-","-","-","-","-","-","-","-","-","-","-","-","-"
"1468293644587311105","https://twitter.com/LisaDeBruine/status/1468293644587311105","Various links: 

Joint Roadmap for Open Science Tools
https://t.co/d5bNVf9vav

The varying openness of digital open science tools
https://t.co/KEIJVI5kIl","2021-12-07 18:57 +0000","514.0","2.0","0.0038910505836575876","0.0","1.0","0.0","0.0","1.0","0.0","0.0","0.0","0","0","0","0","0","0","0","-","-","-","-","-","-","-","-","-","-","-","-","-","-","-","-","-","-"
"1468289370264322050","https://twitter.com/LisaDeBruine/status/1468289370264322050","Brian O'Connor is speaking on @GA4GH, which promotes responsible international data sharing and interoperability in the area of genomics and health. https://t.co/4qv6Ruls1K","2021-12-07 18:40 +0000","441.0","2.0","0.0045351473922902496","0.0","1.0","0.0","1.0","0.0","0.0","0.0","0.0","0","0","0","0","0","0","0","-","-","-","-","-","-","-","-","-","-","-","-","-","-","-","-","-","-"
"1468284886117199877","https://twitter.com/LisaDeBruine/status/1468284886117199877","@ariannabec is speaking on the open access environment in Latin America. https://t.co/4S1xyt8AY6","2021-12-07 18:22 +0000","956.0","16.0","0.016736401673640166","1.0","1.0","2.0","6.0","0.0","0.0","1.0","0.0","0","0","0","0","0","5","5","-","-","-","-","-","-","-","-","-","-","-","-","-","-","-","-","-","-"
"1468283927374835714","https://twitter.com/LisaDeBruine/status/1468283927374835714","@JoyOwango is speaking about the non-profit @tccafrica supporting the governance of @AfricArxiv to make sure it is sustainable. Community ownership is an inherent part of this.","2021-12-07 18:19 +0000","424.0","5.0","0.01179245283018868","1.0","1.0","0.0","2.0","0.0","0.0","1.0","0.0","0","0","0","0","0","0","0","-","-","-","-","-","-","-","-","-","-","-","-","-","-","-","-","-","-"
"1468283923998384129","https://twitter.com/LisaDeBruine/status/1468283923998384129","The next #force11 session is a panel discussion on  Governance Models of Open Infrastructure: Building Sustainability and Capacity","2021-12-07 18:19 +0000","1225.0","7.0","0.005714285714285714","1.0","1.0","0.0","3.0","0.0","1.0","1.0","0.0","0","0","0","0","0","0","0","-","-","-","-","-","-","-","-","-","-","-","-","-","-","-","-","-","-"
"1468280324819980293","https://twitter.com/LisaDeBruine/status/1468280324819980293","One thing you can do to support software citation is to add a CFF file to your public code. If it's on GitHub, they will even give you a template if you create a file called CITATION.cff. https://t.co/nhFcG9wkOn","2021-12-07 18:04 +0000","636.0","12.0","0.018867924528301886","1.0","0.0","1.0","0.0","0.0","0.0","1.0","0.0","0","0","0","0","0","9","9","-","-","-","-","-","-","-","-","-","-","-","-","-","-","-","-","-","-"
"1468277719507079170","https://twitter.com/LisaDeBruine/status/1468277719507079170","@mfenner discusses how to use meta-data to make software more searchable and reusable. Points out that software should follow FAIR principles just like data. @npch mentions FAIR4RS https://t.co/Q6pU7RLeJ9","2021-12-07 17:54 +0000","595.0","2.0","0.0033613445378151263","0.0","1.0","1.0","0.0","0.0","0.0","0.0","0.0","0","0","0","0","0","0","0","-","-","-","-","-","-","-","-","-","-","-","-","-","-","-","-","-","-"
"1468273610318094343","https://twitter.com/LisaDeBruine/status/1468273610318094343","Challenges for software citation:

- a single DOI may reference data, inputs, outputs, and code
- dependencies may not be well documented in meta-data","2021-12-07 17:38 +0000","459.0","1.0","0.002178649237472767","0.0","1.0","0.0","0.0","0.0","0.0","0.0","0.0","0","0","0","0","0","0","0","-","-","-","-","-","-","-","-","-","-","-","-","-","-","-","-","-","-"
"1468272853476904966","https://twitter.com/LisaDeBruine/status/1468272853476904966","@JoranJongerling @lakens @andre_quentin @HirstRj I'm thinking about this more from the perspective of a registered reports editor. I might do some simulations to check how different strategies affect the outcome. Of course the parameter estimates from a subsample are more variable, so a conservative estimate is best.","2021-12-07 17:35 +0000","66.0","3.0","0.045454545454545456","0.0","1.0","2.0","0.0","0.0","0.0","0.0","0.0","0","0","0","0","0","0","0","-","-","-","-","-","-","-","-","-","-","-","-","-","-","-","-","-","-"
"1468272306405494791","https://twitter.com/LisaDeBruine/status/1468272306405494791","Jake Yeston finds that 12% of Science papers published in 2020 included a citation to code archived at Zenodo. Why might people omit software citations?

- too many references?
- confusing for copyeditors?
- lack of community buy-in?","2021-12-07 17:32 +0000","463.0","8.0","0.017278617710583154","0.0","1.0","0.0","3.0","0.0","0.0","4.0","0.0","0","0","0","0","0","0","0","-","-","-","-","-","-","-","-","-","-","-","-","-","-","-","-","-","-"
"1468270571356106755","https://twitter.com/LisaDeBruine/status/1468270571356106755","Zenodo and Zotero can also read the metadata in CITATION.cff files. Learn more about CFF at https://t.co/qsaN4cUzPc","2021-12-07 17:25 +0000","355.0","2.0","0.005633802816901409","0.0","1.0","0.0","0.0","1.0","0.0","0.0","0.0","0","0","0","0","0","0","0","-","-","-","-","-","-","-","-","-","-","-","-","-","-","-","-","-","-"
"1468269885989994496","https://twitter.com/LisaDeBruine/status/1468269885989994496","The citation file format (CFF) is a YAML format for providing software citation information. It has been adopted by GitHub, which will automatically detect and display citations from .cff files.","2021-12-07 17:23 +0000","303.0","1.0","0.0033003300330033004","0.0","1.0","0.0","0.0","0.0","0.0","0.0","0.0","0","0","0","0","0","0","0","-","-","-","-","-","-","-","-","-","-","-","-","-","-","-","-","-","-"
"1468269535975383040","https://twitter.com/LisaDeBruine/status/1468269535975383040","The CRediT contributorship model has a recommended JATS format that the scienceverse R package and shiny app can both create.

https://t.co/INTHfmcjFv","2021-12-07 17:21 +0000","231.0","2.0","0.008658008658008658","0.0","1.0","0.0","0.0","1.0","0.0","0.0","0.0","0","0","0","0","0","0","0","-","-","-","-","-","-","-","-","-","-","-","-","-","-","-","-","-","-"
"1468269532838088709","https://twitter.com/LisaDeBruine/status/1468269532838088709","Software citation recommendations in JATS4R:

Only requirements are to identify it as software and include a unique ID like a DOI or URL. Other tags like authors are optional.","2021-12-07 17:21 +0000","153.0","2.0","0.013071895424836602","0.0","1.0","0.0","0.0","0.0","0.0","1.0","0.0","0","0","0","0","0","0","0","-","-","-","-","-","-","-","-","-","-","-","-","-","-","-","-","-","-"
"1468268518923771904","https://twitter.com/LisaDeBruine/status/1468268518923771904","Now Melissa Harrison is speaking on https://t.co/zzN1PPY4za. JATS4R develops best practices for tagging research content using the XML standard JATS.","2021-12-07 17:17 +0000","219.0","2.0","0.0091324200913242","0.0","1.0","0.0","0.0","1.0","0.0","0.0","0.0","0","0","0","0","0","0","0","-","-","-","-","-","-","-","-","-","-","-","-","-","-","-","-","-","-"
"1468267426840203279","https://twitter.com/LisaDeBruine/status/1468267426840203279","I'm at the #force11 session on software citation. Daniel Katz's slides are chock-full of interesting links https://t.co/Uw6I5J7v56","2021-12-07 17:13 +0000","1709.0","39.0","0.022820362785254535","1.0","1.0","9.0","4.0","17.0","0.0","7.0","0.0","0","0","0","0","0","0","0","-","-","-","-","-","-","-","-","-","-","-","-","-","-","-","-","-","-"
"1468240883577495559","https://twitter.com/LisaDeBruine/status/1468240883577495559","@lakens @andre_quentin @HirstRj In other words, do I need to adjust alpha at all if I plan to collect whatever N is determined by a power analysis with pre-specified total alpha, power, and effect size, but using simulation parameters that I won’t be able to estimate until I’ve collected M participants?","2021-12-07 15:27 +0000","569.0","15.0","0.026362038664323375","1.0","1.0","0.0","2.0","0.0","0.0","11.0","0.0","0","0","0","0","0","0","0","-","-","-","-","-","-","-","-","-","-","-","-","-","-","-","-","-","-"
"1468240053302353926","https://twitter.com/LisaDeBruine/status/1468240053302353926","@lakens @andre_quentin @HirstRj Does it change the adjustment if your first “peek” is *only* used to extract parameters for a power calculation, not to conduct a hypothesis test, and you’d only conduct a test after your required N? (Not what happened here, but if you plan that?)","2021-12-07 15:24 +0000","409.0","11.0","0.02689486552567237","0.0","2.0","1.0","1.0","0.0","0.0","7.0","0.0","0","0","0","0","0","0","0","-","-","-","-","-","-","-","-","-","-","-","-","-","-","-","-","-","-"
"1468215695410438149","https://twitter.com/LisaDeBruine/status/1468215695410438149","@lakens @HirstRj Is there a shiny app for calculating the p-value adjustment needed for the single “peek” that allows the power calculation to be done?","2021-12-07 13:47 +0000","558.0","10.0","0.017921146953405017","0.0","1.0","3.0","0.0","0.0","0.0","6.0","0.0","0","0","0","0","0","0","0","-","-","-","-","-","-","-","-","-","-","-","-","-","-","-","-","-","-"
"1468215209840058378","https://twitter.com/LisaDeBruine/status/1468215209840058378","@JamesSteeleII @HirstRj @Emily_CBS That’s such a useful pattern! So few people have the right parameters to do a good power analysis (especially for mixed models) until they’ve run an exact pilot, but are reluctant to “waste” subjects on pilot data.","2021-12-07 13:45 +0000","442.0","31.0","0.07013574660633484","0.0","2.0","6.0","5.0","0.0","0.0","18.0","0.0","0","0","0","0","0","0","0","-","-","-","-","-","-","-","-","-","-","-","-","-","-","-","-","-","-"
"1468157108902412292","https://twitter.com/LisaDeBruine/status/1468157108902412292","Tomorrow's @UofGPsychNeuro #MethodsMetaScience seminar talk is by @ThomVarley on Intersectional synergies: untangling irreducible effects of intersecting identities via information decomposition. All welcome; DM for the link.

Wed, 8 Dec 16:00 - 17:00 GMT
https://t.co/Lcp4n467ur","2021-12-07 09:55 +0000","894.0","15.0","0.016778523489932886","2.0","0.0","1.0","4.0","3.0","0.0","5.0","0.0","0","0","0","0","0","0","0","-","-","-","-","-","-","-","-","-","-","-","-","-","-","-","-","-","-"
"1467828973774254088","https://twitter.com/LisaDeBruine/status/1467828973774254088","@MicahEHirsch @jamescborders And if you're interested in simulating the data, this info is required. Simulating data is also a great way to really solidify your understanding of what the variance components mean. https://t.co/MtF513dmt4","2021-12-06 12:11 +0000","151.0","25.0","0.16556291390728478","0.0","1.0","6.0","0.0","12.0","0.0","6.0","0.0","0","0","0","0","0","0","0","-","-","-","-","-","-","-","-","-","-","-","-","-","-","-","-","-","-"
"1467611710957707265","https://twitter.com/LisaDeBruine/status/1467611710957707265","@hisotalus “Effects of facial resemblance on behaviour and attributions” https://t.co/scBf9R5kTK","2021-12-05 21:47 +0000","515.0","14.0","0.027184466019417475","0.0","1.0","4.0","5.0","0.0","0.0","1.0","0.0","0","0","0","0","0","3","3","-","-","-","-","-","-","-","-","-","-","-","-","-","-","-","-","-","-"
"1467531444545277964","https://twitter.com/LisaDeBruine/status/1467531444545277964","@DrGBuckingham I just got mine and totally see what you mean. I can use inertia to get a longer slice and the “bounce” if the track is slow enough, but need a lot more strength for fast tracks. This suits me; I’m slow but strong. Accuracy suffered, but presumably that just needs practice.","2021-12-05 16:28 +0000","209.0","8.0","0.03827751196172249","0.0","2.0","1.0","4.0","0.0","0.0","1.0","0.0","0","0","0","0","0","0","0","-","-","-","-","-","-","-","-","-","-","-","-","-","-","-","-","-","-"
"1467458863276478467","https://twitter.com/LisaDeBruine/status/1467458863276478467","@NeilLewisJr @dyudkin Wow, are these staring salaries?!? I’m paid £63.5K (~$84K US) as a full professor in Scotland. We have a coordinated pay scale across the UK. A new lecturer starts at about £42K (point 37).  https://t.co/bXs1MgNw9i","2021-12-05 11:40 +0000","596.0","24.0","0.040268456375838924","0.0","1.0","3.0","6.0","4.0","0.0","10.0","0.0","0","0","0","0","0","0","0","-","-","-","-","-","-","-","-","-","-","-","-","-","-","-","-","-","-"
"1467204500020764680","https://twitter.com/LisaDeBruine/status/1467204500020764680","@MrMagikarpet @Kyragreen16 https://t.co/nQteCMtmaJ","2021-12-04 18:49 +0000","14698.0","1728.0","0.11756701592053341","18.0","4.0","534.0","19.0","0.0","0.0","130.0","0.0","0","0","0","0","0","1023","1023","-","-","-","-","-","-","-","-","-","-","-","-","-","-","-","-","-","-"
"1467200262288953351","https://twitter.com/LisaDeBruine/status/1467200262288953351","@JaimePretellEsq @webmorph_org The auto-delineation template is different from the built in manual template (the automatic algorithms aren’t as detailed). You can’t mix them. Try with all images you’ve auto-delineated.","2021-12-04 18:32 +0000","24.0","0.0","0.0","0.0","0.0","0.0","0.0","0.0","0.0","0.0","0.0","0","0","0","0","0","0","0","-","-","-","-","-","-","-","-","-","-","-","-","-","-","-","-","-","-"
"1467188473757118464","https://twitter.com/LisaDeBruine/status/1467188473757118464","@JaimePretellEsq @webmorph_org I tried in Chrome and there’s no problems. Have you tried it with built-in images? Sometimes it’s just that the three images have incompatible templates (I need to add better error messages for that)","2021-12-04 17:46 +0000","20.0","2.0","0.1","0.0","1.0","1.0","0.0","0.0","0.0","0.0","0.0","0","0","0","0","0","0","0","-","-","-","-","-","-","-","-","-","-","-","-","-","-","-","-","-","-"
"1467149389676351488","https://twitter.com/LisaDeBruine/status/1467149389676351488","@JaimePretellEsq @webmorph_org I just checked and webmorph is working fine for me. Try to average a pair of built-in images, then try FireFox, and then DM me if you’re still having trouble.","2021-12-04 15:10 +0000","32.0","4.0","0.125","0.0","2.0","0.0","2.0","0.0","0.0","0.0","0.0","0","0","0","0","0","0","0","-","-","-","-","-","-","-","-","-","-","-","-","-","-","-","-","-","-"
"1466822862174658564","https://twitter.com/LisaDeBruine/status/1466822862174658564","@westwoodsam1 We are, but also have a 4-year degree.","2021-12-03 17:33 +0000","152.0","6.0","0.039473684210526314","0.0","0.0","3.0","2.0","0.0","0.0","1.0","0.0","0","0","0","0","0","0","0","-","-","-","-","-","-","-","-","-","-","-","-","-","-","-","-","-","-"
"1466820843556814854","https://twitter.com/LisaDeBruine/status/1466820843556814854","@westwoodsam1 I was thinking that sounds like a great idea to supervise them for 2 full years, and then I remembered by Britain you probably don’t mean Scotland 🏴󠁧󠁢󠁳󠁣󠁴󠁿","2021-12-03 17:25 +0000","619.0","24.0","0.03877221324717286","0.0","1.0","3.0","5.0","0.0","0.0","15.0","0.0","0","0","0","0","0","0","0","-","-","-","-","-","-","-","-","-","-","-","-","-","-","-","-","-","-"
"1466772505780264963","https://twitter.com/LisaDeBruine/status/1466772505780264963","@DrGBuckingham @emma_cogdev I haven’t met him in person yet, or even over zoom, but in my head @JamesSteeleII is like 6'4"" and he assures me this is not the case. (It’s the only plausible reason I can come up with for how he’s so good at Beat Saber :)","2021-12-03 14:13 +0000","201.0","11.0","0.05472636815920398","0.0","1.0","2.0","4.0","0.0","0.0","4.0","0.0","0","0","0","0","0","0","0","-","-","-","-","-","-","-","-","-","-","-","-","-","-","-","-","-","-"
"1466767756674707463","https://twitter.com/LisaDeBruine/status/1466767756674707463","@naardin @hioberman For the nonbinary people in the class, that feels a lot like when you’re the only woman in the room and the speaker insists on addressing the group as “gentlemen”. Probably nobody means disrespect, but it’s a subtle sign they don’t really think you belong.","2021-12-03 13:54 +0000","1048.0","49.0","0.046755725190839696","0.0","0.0","13.0","27.0","0.0","0.0","9.0","0.0","0","0","0","0","0","0","0","-","-","-","-","-","-","-","-","-","-","-","-","-","-","-","-","-","-"
"1466687215673692160","https://twitter.com/LisaDeBruine/status/1466687215673692160","@deevybee @JessButler284 People like @Abebab and @timnitGebru have written extensively on the ethical and practical problems with AI and ML. The data that comes out is only as good as the data that goes in, which is still subject to our human biases.","2021-12-03 08:34 +0000","228.0","15.0","0.06578947368421052","0.0","1.0","7.0","5.0","0.0","0.0","2.0","0.0","0","0","0","0","0","0","0","-","-","-","-","-","-","-","-","-","-","-","-","-","-","-","-","-","-"
"1466532976154583046","https://twitter.com/LisaDeBruine/status/1466532976154583046","@farid_anvari Congratulations!","2021-12-02 22:21 +0000","231.0","2.0","0.008658008658008658","0.0","1.0","1.0","0.0","0.0","0.0","0.0","0.0","0","0","0","0","0","0","0","-","-","-","-","-","-","-","-","-","-","-","-","-","-","-","-","-","-"
"1466532520711835651","https://twitter.com/LisaDeBruine/status/1466532520711835651","@mdneuzerling @steltenpower Technically, you can omit the parentheses, even though it looks absolutely wrong when x isn’t logical. 

!x %in% values","2021-12-02 22:19 +0000","1007.0","45.0","0.044687189672293945","0.0","2.0","11.0","4.0","0.0","0.0","28.0","0.0","0","0","0","0","0","0","0","-","-","-","-","-","-","-","-","-","-","-","-","-","-","-","-","-","-"
"1466493319568048132","https://twitter.com/LisaDeBruine/status/1466493319568048132","@oscar_olvera100 @bolkerb Thanks! That made another piece of my understanding finally click :)","2021-12-02 19:43 +0000","49.0","6.0","0.12244897959183673","0.0","1.0","1.0","0.0","0.0","0.0","4.0","0.0","0","0","0","0","0","0","0","-","-","-","-","-","-","-","-","-","-","-","-","-","-","-","-","-","-"
"1466443695004209163","https://twitter.com/LisaDeBruine/status/1466443695004209163","I'm implementing a generic NORTA method in faux using simulation to determine the adjusted r. (It's very experimental, but I'm learning so much!) My unit test are working so far for norm, binom, pois, beta, and gamma, but not for cauchy.

https://t.co/EPZmZ6mCLl","2021-12-02 16:26 +0000","698.0","5.0","0.0071633237822349575","1.0","0.0","0.0","1.0","3.0","0.0","0.0","0.0","0","0","0","0","0","0","0","-","-","-","-","-","-","-","-","-","-","-","-","-","-","-","-","-","-"
"1466441145593085955","https://twitter.com/LisaDeBruine/status/1466441145593085955","@sTeamTraen https://t.co/mZqcQB4Age","2021-12-02 16:16 +0000","600.0","17.0","0.028333333333333332","0.0","1.0","1.0","3.0","1.0","0.0","11.0","0.0","0","0","0","0","0","0","0","-","-","-","-","-","-","-","-","-","-","-","-","-","-","-","-","-","-"
"1466431639945424906","https://twitter.com/LisaDeBruine/status/1466431639945424906","@oscar_olvera100 am I doing this wrong? The bounds for the cauchy distribution depend on N, so using a very large N produces a tiny range.

n &lt;- seq(100, 5e4, 100)
maxr &lt;- sapply(n, function(n) {
    a &lt;- sort(rnorm(n))
    b &lt;- sort(rcauchy(n))
    cor(a, b)
})
plot(n, maxr) https://t.co/FKwAzWSBIq","2021-12-02 15:38 +0000","1129.0","24.0","0.021257750221434897","0.0","2.0","2.0","3.0","0.0","0.0","16.0","0.0","0","0","0","0","0","1","1","-","-","-","-","-","-","-","-","-","-","-","-","-","-","-","-","-","-"
"1466339786487128072","https://twitter.com/LisaDeBruine/status/1466339786487128072","@JamesSteeleII Hold on, Jaroslav Beck exists outside Beat Saber?","2021-12-02 09:33 +0000","174.0","3.0","0.017241379310344827","0.0","1.0","0.0","0.0","0.0","0.0","2.0","0.0","0","0","0","0","0","0","0","-","-","-","-","-","-","-","-","-","-","-","-","-","-","-","-","-","-"
"1466339170528419840","https://twitter.com/LisaDeBruine/status/1466339170528419840","I miss drumming #OneOfUsAllOfUs @UCUGlasgow https://t.co/IpoXwgfpAe","2021-12-02 09:31 +0000","919.0","45.0","0.04896626768226333","0.0","0.0","11.0","2.0","0.0","0.0","1.0","0.0","0","0","0","0","0","327","31","-","-","-","-","-","-","-","-","-","-","-","-","-","-","-","-","-","-"
"1466189960013398019","https://twitter.com/LisaDeBruine/status/1466189960013398019","I really love the effort they put into personalised data for #SpotifyWrapped, but a little shocked to learn I’ve listened to Spotify for more than 32 full days this year!

https://t.co/Q2hIJ2HRUQ","2021-12-01 23:38 +0000","1116.0","55.0","0.0492831541218638","0.0","0.0","5.0","2.0","42.0","1.0","5.0","0.0","0","0","0","0","0","0","0","-","-","-","-","-","-","-","-","-","-","-","-","-","-","-","-","-","-"
"1465956143726043141","https://twitter.com/LisaDeBruine/status/1465956143726043141","And my mom tells the story of how her father was on strike at GM for months when she was a child. How it demonstrated that those in charge  will never treat workers fairly unless we fight for it. And my conviction to stand in solidarity is renewed. (3/3)","2021-12-01 08:09 +0000","2570.0","107.0","0.041634241245136185","6.0","2.0","38.0","22.0","0.0","0.0","39.0","0.0","0","0","0","0","0","0","0","-","-","-","-","-","-","-","-","-","-","-","-","-","-","-","-","-","-"
"1465956142178263044","https://twitter.com/LisaDeBruine/status/1465956142178263044","They remind me of all the good that unions have done, and how workers’ rights in the US have decreased as unions got weaker. They have a lot of conservative views I disagree with, but are way more radical than most of my academic colleagues on this topic. (2/3)","2021-12-01 08:09 +0000","1224.0","28.0","0.02287581699346405","2.0","1.0","20.0","3.0","0.0","0.0","2.0","0.0","0","0","0","0","0","0","0","-","-","-","-","-","-","-","-","-","-","-","-","-","-","-","-","-","-"
"1465956139712061440","https://twitter.com/LisaDeBruine/status/1465956139712061440","Every time we have a strike, I get really anxious about how it affects students. Then I call my parents, who were members of the teachers and auto unions (1/3)  #OneOfUsAllOfUs @UCUGlasgow","2021-12-01 08:09 +0000","9702.0","254.0","0.026180169037311893","8.0","1.0","42.0","32.0","0.0","1.0","170.0","0.0","0","0","0","0","0","0","0","-","-","-","-","-","-","-","-","-","-","-","-","-","-","-","-","-","-"
